0,1,2,3,4
377.0,,0,0,
352.0,,0,0,
41.0,,0,0,
9.0,,0,0,
57.0,,0,0,
107.0,,0,0,
104.0,,0,0,
94.0,,0,0,
6.0,,0,0,
4.0,,0,0,
17.0,,0,0,
27.0,,0,0,
6.0,,0,0,
4.0,,0,0,
17.0,,0,0,
84.0,,0,0,
65.0,,0,0,
2.0,,0,0,
4.0,,0,0,
12.0,,0,0,
18.0,,0,0,
2.0,,0,0,
4.0,,0,0,
12.0,,0,0,
222.0,,0,0,
211.0,,0,0,
11.0,,0,0,
33.0,,0,0,
55.0,,0,0,
11.0,,0,0,
33.0,,0,0,
92.0,,0,0,
81.0,,0,0,
1.0,,0,0,
10.0,,0,0,
4.0,,0,0,
15.0,,0,0,
71.0,,0,0,
54.0,,0,0,
2.0,,0,0,
1.0,,0,0,
6.0,,0,0,
9.0,,0,0,
2.0,,0,0,
1.0,,0,0,
6.0,,0,0,
71.0,,0,0,
54.0,,0,0,
4.0,,0,0,
1.0,,0,0,
3.0,,0,0,
8.0,,0,0,
4.0,,0,0,
1.0,,0,0,
3.0,,0,0,
125.0,,0,0,
4.0,,0,0,
3.0,,0,0,
10.0,,0,0,
17.0,,0,0,
107.0,,0,0,
98.0,,0,0,
10.0,,0,0,
7.0,,0,0,
22.0,,0,0,
39.0,,0,0,
10.0,,0,0,
7.0,,0,0,
22.0,,0,0,
115.0,,0,0,
113.0,,0,0,
13.0,,0,0,
3.0,,0,0,
13.0,,0,0,
29.0,,0,0,
13.0,,0,0,
3.0,,0,0,
13.0,,0,0,
87.0,,0,0,
76.0,,0,0,
3.0,,0,0,
5.0,,0,0,
6.0,,0,0,
14.0,,0,0,
3.0,,0,0,
5.0,,0,0,
6.0,,0,0,
4.0,,0,0,
57.0,,0,0,
46.0,,0,0,
1.0,,0,0,
1.0,,0,0,
126.0,,0,0,
8.0,,0,0,
2.0,,0,0,
13.0,,0,0,
23.0,,0,0,
160.0,,0,0,
13.0,,0,0,
12.0,,0,0,
9.0,,0,0,
34.0,,0,0,
125.0,,0,0,
1.0,,0,0,
5.0,,0,0,
2.0,,0,0,
7.0,,0,0,
14.0,,0,0,
0.0,,0,0,
0.0,,0,0,
0.0,,0,0,
564.0,,0,0,
162.0,,0,0,
49.0,,0,0,
9.0,,0,0,
90.0,,0,0,
148.0,,0,0,
20.0,,0,0,
7.0,,0,0,
54.0,,0,0,
53.0,,0,0,
0.0,,0,0,
2.0,,0,0,
8.0,,0,0,
10.0,,0,0,
50.0,,0,0,
50.0,,0,0,
1.0,,0,0,
5.0,,0,0,
3.0,,0,0,
71.0,,0,0,
71.0,,0,0,
8.0,,0,0,
3.0,,0,0,
6.0,,0,0,
17.0,,0,0,
8.0,,0,0,
3.0,,0,0,
6.0,,0,0,
112.0,,0,0,
100.0,,0,0,
10.0,,0,0,
2.0,,0,0,
1.0,,0,0,
13.0,,0,0,
10.0,,0,0,
2.0,,0,0,
1.0,,0,0,
158.0,,0,0,
108.0,,0,0,
7.0,,0,0,
11.0,,0,0,
13.0,,0,0,
31.0,,0,0,
7.0,,0,0,
11.0,,0,0,
13.0,,0,0,
90.0,,0,0,
85.0,,0,0,
6.0,,0,0,
2.0,,0,0,
12.0,,0,0,
20.0,,0,0,
6.0,,0,0,
2.0,,0,0,
12.0,,0,0,
172.0,,0,0,
151.0,,0,0,
6.0,,0,0,
2.0,,0,0,
18.0,,0,0,
26.0,,0,0,
6.0,,0,0,
2.0,,0,0,
18.0,,0,0,
65.0,,0,0,
65.0,,0,0,
4.0,,0,0,
1.0,,0,0,
4.0,,0,0,
9.0,,0,0,
4.0,,0,0,
1.0,,0,0,
4.0,,0,0,
97.0,,0,0,
85.0,,0,0,
12.0,,0,0,
5.0,,0,0,
16.0,,0,0,
33.0,,0,0,
12.0,,0,0,
5.0,,0,0,
16.0,,0,0,
175.0,,0,0,
5.0,,0,0,
3.0,,0,0,
15.0,,0,0,
23.0,,0,0,
107.0,,0,0,
62.0,,0,0,
4.0,,0,0,
2.0,,0,0,
5.0,,0,0,
11.0,,0,0,
4.0,,0,0,
2.0,,0,0,
5.0,,0,0,
185.0,,0,0,
162.0,,0,0,
13.0,,0,0,
20.0,,0,0,
36.0,,0,0,
13.0,,0,0,
20.0,,0,0,
66.0,,0,0,
60.0,,0,0,
1.0,,0,0,
3.0,,0,0,
1.0,,0,0,
105.0,,0,0,
27.0,,0,0,
15.0,,0,0,
19.0,,0,0,
34.0,,0,0,
89.0,,0,0,
19.0,,0,0,
15.0,,0,0,
34.0,,0,0,
19.0,,0,0,
15.0,,0,0,
798.0,,0,0,
766.0,,0,0,
55.0,,0,0,
17.0,,0,0,
63.0,,0,0,
135.0,,0,0,
55.0,,0,0,
17.0,,0,0,
63.0,,0,0,
229.0,,0,0,
229.0,,0,0,
24.0,,0,0,
14.0,,0,0,
28.0,,0,0,
66.0,,0,0,
24.0,,0,0,
14.0,,0,0,
28.0,,0,0,
198.0,,0,0,
178.0,,0,0,
15.0,,0,0,
20.0,,0,0,
20.0,,0,0,
55.0,,0,0,
15.0,,0,0,
20.0,,0,0,
20.0,,0,0,
691.0,,0,0,
680.0,,0,0,
22.0,,0,0,
52.0,,0,0,
97.0,,0,0,
22.0,,0,0,
52.0,,0,0,
221.0,,0,0,
219.0,,0,0,
28.0,,0,0,
35.0,,0,0,
36.0,,0,0,
99.0,,0,0,
241.0,,0,0,
202.0,,0,0,
15.0,,0,0,
24.0,,0,0,
45.0,,0,0,
84.0,,0,0,
15.0,,0,0,
24.0,,0,0,
45.0,,0,0,
253.0,,0,0,
245.0,,0,0,
33.0,,0,0,
18.0,,0,0,
35.0,,0,0,
86.0,,0,0,
33.0,,0,0,
18.0,,0,0,
35.0,,0,0,
396.0,,0,0,
284.0,,0,0,
33.0,,0,0,
16.0,,0,0,
58.0,,0,0,
107.0,,0,0,
30.0,,0,0,
46.0,,0,0,
280.0,,0,0,
260.0,,0,0,
24.0,,0,0,
30.0,,0,0,
40.0,,0,0,
94.0,,0,0,
24.0,,0,0,
30.0,,0,0,
40.0,,0,0,
440.0,,0,0,
351.0,,0,0,
17.0,,0,0,
14.0,,0,0,
31.0,,0,0,
62.0,,0,0,
17.0,,0,0,
14.0,,0,0,
31.0,,0,0,
238.0,,0,0,
236.0,,0,0,
20.0,,0,0,
23.0,,0,0,
35.0,,0,0,
78.0,,0,0,
20.0,,0,0,
23.0,,0,0,
35.0,,0,0,
75.0,,0,0,
11.0,,0,0,
6.0,,0,0,
16.0,,0,0,
33.0,,0,0,
489.0,,0,0,
489.0,,0,0,
54.0,,0,0,
79.0,,0,0,
133.0,,0,0,
278.0,,0,0,
36.0,,0,0,
10.0,,0,0,
21.0,,0,0,
67.0,,0,0,
700.0,,0,0,
31.0,,0,0,
24.0,,0,0,
43.0,,0,0,
98.0,,0,0,
548.0,,0,0,
1.0,,0,0,
18.0,,0,0,
7.0,,0,0,
29.0,,0,0,
54.0,,0,0,
0.0,,0,0,
0.0,,0,0,
0.0,,0,0,
131.0,,0,0,
8.0,,0,0,
7.0,,0,0,
11.0,,0,0,
26.0,,0,0,
1117.0,,0,0,
195.0,,0,0,
98.0,,0,0,
18.0,,0,0,
127.0,,0,0,
243.0,,0,0,
53.0,,0,0,
12.0,,0,0,
34.0,,0,0,
168.0,,0,0,
11.0,,0,0,
11.0,,0,0,
19.0,,0,0,
41.0,,0,0,
262.0,,0,0,
227.0,,0,0,
14.0,,0,0,
18.0,,0,0,
37.0,,0,0,
234.0,,0,0,
234.0,,0,0,
18.0,,0,0,
11.0,,0,0,
33.0,,0,0,
62.0,,0,0,
18.0,,0,0,
11.0,,0,0,
33.0,,0,0,
456.0,,0,0,
449.0,,0,0,
8.0,,0,0,
16.0,,0,0,
10.0,,0,0,
34.0,,0,0,
8.0,,0,0,
16.0,,0,0,
10.0,,0,0,
393.0,,0,0,
362.0,,0,0,
30.0,,0,0,
20.0,,0,0,
61.0,,0,0,
111.0,,0,0,
30.0,,0,0,
20.0,,0,0,
61.0,,0,0,
211.0,,0,0,
24.0,,0,0,
10.0,,0,0,
17.0,,0,0,
51.0,,0,0,
24.0,,0,0,
10.0,,0,0,
17.0,,0,0,
640.0,,0,0,
597.0,,0,0,
22.0,,0,0,
10.0,,0,0,
36.0,,0,0,
68.0,,0,0,
22.0,,0,0,
10.0,,0,0,
36.0,,0,0,
253.0,,0,0,
253.0,,0,0,
20.0,,0,0,
6.0,,0,0,
28.0,,0,0,
54.0,,0,0,
20.0,,0,0,
6.0,,0,0,
28.0,,0,0,
205.0,,0,0,
205.0,,0,0,
25.0,,0,0,
9.0,,0,0,
42.0,,0,0,
76.0,,0,0,
25.0,,0,0,
9.0,,0,0,
42.0,,0,0,
500.0,,0,0,
12.0,,0,0,
7.0,,0,0,
36.0,,0,0,
55.0,,0,0,
590.0,,0,0,
36.0,,0,0,
18.0,,0,0,
47.0,,0,0,
101.0,,0,0,
36.0,,0,0,
18.0,,0,0,
47.0,,0,0,
510.0,,0,0,
498.0,,0,0,
25.0,,0,0,
19.0,,0,0,
46.0,,0,0,
25.0,,0,0,
19.0,,0,0,
234.0,,0,0,
217.0,,0,0,
31.0,,0,0,
23.0,,0,0,
41.0,,0,0,
95.0,,0,0,
31.0,,0,0,
23.0,,0,0,
41.0,,0,0,
57.0,,0,0,
380.0,,0,0,
365.0,,0,0,
43.0,,0,0,
17.0,,0,0,
45.0,,0,0,
105.0,,0,0,
43.0,,0,0,
17.0,,0,0,
45.0,,0,0,
1085.0,,0,0,
1080.0,,0,0,
20.0,,0,0,
9.0,,0,0,
31.0,,0,0,
60.0,,0,0,
20.0,,0,0,
9.0,,0,0,
31.0,,0,0,
14.0,,0,0,
14.0,,0,0,
3.0,,0,0,
3.0,,0,0,
3.0,,0,0,
9.0,,0,0,
3.0,,0,0,
3.0,,0,0,
3.0,,0,0,
10.0,,0,0,
7.0,,0,0,
2.0,,0,0,
2.0,,0,0,
4.0,,0,0,
2.0,,0,0,
2.0,,0,0,
45.0,,0,0,
43.0,,0,0,
9.0,,0,0,
16.0,,0,0,
29.0,,0,0,
9.0,,0,0,
16.0,,0,0,
13.0,,0,0,
12.0,,0,0,
3.0,,0,0,
1.0,,0,0,
3.0,,0,0,
7.0,,0,0,
8.0,,0,0,
8.0,,0,0,
1.0,,0,0,
1.0,,0,0,
1.0,,0,0,
6.0,,0,0,
5.0,,0,0,
1.0,,0,0,
1.0,,0,0,
1.0,,0,0,
38.0,,0,0,
3.0,,0,0,
0.0,,0,0,
6.0,,0,0,
9.0,,0,0,
13.0,,0,0,
13.0,,0,0,
3.0,,0,0,
4.0,,0,0,
2.0,,0,0,
9.0,,0,0,
3.0,,0,0,
4.0,,0,0,
2.0,,0,0,
66.0,,0,0,
64.0,,0,0,
2.0,,0,0,
1.0,,0,0,
6.0,,0,0,
9.0,,0,0,
2.0,,0,0,
1.0,,0,0,
6.0,,0,0,
15.0,,0,0,
15.0,,0,0,
4.0,,0,0,
4.0,,0,0,
4.0,,0,0,
3.0,,0,0,
2.0,,0,0,
0.0,,0,0,
0.0,,0,0,
0.0,,0,0,
56.0,,0,0,
5.0,,0,0,
1.0,,0,0,
5.0,,0,0,
11.0,,0,0,
100.0,,0,0,
9.0,,0,0,
5.0,,0,0,
23.0,,0,0,
37.0,,0,0,
32.0,,0,0,
0.0,,0,0,
1.0,,0,0,
0.0,,0,0,
4.0,,0,0,
5.0,,0,0,
0.0,,0,0,
0.0,,0,0,
0.0,,0,0,
6.0,,0,0,
0.0,,0,0,
0.0,,0,0,
2.0,,0,0,
2.0,,0,0,
953.0,,0,0,
522.0,,0,0,
28.0,,0,0,
0.0,,0,0,
142.0,,0,0,
170.0,,0,0,
18.0,,0,0,
0.0,,0,0,
94.0,,0,0,
7.0,,0,0,
0.0,,0,0,
1.0,,0,0,
4.0,,0,0,
5.0,,0,0,
125.0,,0,0,
124.0,,0,0,
16.0,,0,0,
10.0,,0,0,
22.0,,0,0,
5.0,,0,0,
5.0,,0,0,
12.0,,0,0,
9.0,,0,0,
1.0,,0,0,
1.0,,0,0,
1.0,,0,0,
3.0,,0,0,
1.0,,0,0,
1.0,,0,0,
1.0,,0,0,
49.0,,0,0,
32.0,,0,0,
4.0,,0,0,
6.0,,0,0,
10.0,,0,0,
4.0,,0,0,
6.0,,0,0,
12.0,,0,0,
12.0,,0,0,
1.0,,0,0,
4.0,,0,0,
5.0,,0,0,
1.0,,0,0,
4.0,,0,0,
105.0,,0,0,
93.0,,0,0,
5.0,,0,0,
4.0,,0,0,
10.0,,0,0,
19.0,,0,0,
5.0,,0,0,
4.0,,0,0,
10.0,,0,0,
6.0,,0,0,
6.0,,0,0,
2.0,,0,0,
2.0,,0,0,
2.0,,0,0,
19.0,,0,0,
19.0,,0,0,
9.0,,0,0,
2.0,,0,0,
2.0,,0,0,
13.0,,0,0,
9.0,,0,0,
2.0,,0,0,
2.0,,0,0,
146.0,,0,0,
22.0,,0,0,
15.0,,0,0,
8.0,,0,0,
2.0,,0,0,
2.0,,0,0,
140.0,,0,0,
135.0,,0,0,
18.0,,0,0,
25.0,,0,0,
52.0,,0,0,
18.0,,0,0,
25.0,,0,0,
5.0,,0,0,
5.0,,0,0,
1.0,,0,0,
2.0,,0,0,
1.0,,0,0,
105.0,,0,0,
7.0,,0,0,
13.0,,0,0,
15.0,,0,0,
9.0,,0,0,
24.0,,0,0,
24.0,,0,0,
7.0,,0,0,
11.0,,0,0,
18.0,,0,0,
7.0,,0,0,
11.0,,0,0,
239.0,,0,0,
238.0,,0,0,
8.0,,0,0,
17.0,,0,0,
14.0,,0,0,
39.0,,0,0,
21.0,,0,0,
21.0,,0,0,
3.0,,0,0,
1.0,,0,0,
8.0,,0,0,
12.0,,0,0,
3.0,,0,0,
1.0,,0,0,
8.0,,0,0,
19.0,,0,0,
16.0,,0,0,
3.0,,0,0,
3.0,,0,0,
6.0,,0,0,
3.0,,0,0,
3.0,,0,0,
46.0,,0,0,
46.0,,0,0,
5.0,,0,0,
10.0,,0,0,
18.0,,0,0,
5.0,,0,0,
10.0,,0,0,
21.0,,0,0,
21.0,,0,0,
5.0,,0,0,
5.0,,0,0,
6.0,,0,0,
16.0,,0,0,
15.0,,0,0,
15.0,,0,0,
4.0,,0,0,
1.0,,0,0,
1.0,,0,0,
5.0,,0,0,
4.0,,0,0,
1.0,,0,0,
1.0,,0,0,
10.0,,0,0,
5.0,,0,0,
0.0,,0,0,
1.0,,0,0,
0.0,,0,0,
35.0,,0,0,
3.0,,0,0,
0.0,,0,0,
5.0,,0,0,
8.0,,0,0,
21.0,,0,0,
20.0,,0,0,
5.0,,0,0,
5.0,,0,0,
10.0,,0,0,
5.0,,0,0,
5.0,,0,0,
23.0,,0,0,
22.0,,0,0,
2.0,,0,0,
1.0,,0,0,
3.0,,0,0,
6.0,,0,0,
2.0,,0,0,
1.0,,0,0,
3.0,,0,0,
18.0,,0,0,
18.0,,0,0,
1.0,,0,0,
1.0,,0,0,
2.0,,0,0,
1.0,,0,0,
1.0,,0,0,
3.0,,0,0,
3.0,,0,0,
1.0,,0,0,
1.0,,0,0,
1.0,,0,0,
44.0,,0,0,
4.0,,0,0,
0.0,,0,0,
10.0,,0,0,
14.0,,0,0,
91.0,,0,0,
20.0,,0,0,
5.0,,0,0,
22.0,,0,0,
47.0,,0,0,
27.0,,0,0,
6.0,,0,0,
2.0,,0,0,
0.0,,0,0,
3.0,,0,0,
5.0,,0,0,
2.0,,0,0,
0.0,,0,0,
1.0,,0,0,
14.0,,0,0,
1.0,,0,0,
2.0,,0,0,
1.0,,0,0,
4.0,,0,0,
413.0,,0,0,
267.0,,0,0,
15.0,,0,0,
0.0,,0,0,
43.0,,0,0,
58.0,,0,0,
13.0,,0,0,
0.0,,0,0,
36.0,,0,0,
16.0,,0,0,
3.0,,0,0,
1.0,,0,0,
3.0,,0,0,
7.0,,0,0,
8.0,,0,0,
4.0,,0,0,
0.0,,0,0,
0.0,,0,0,
1.0,,0,0,
6.0,,0,0,
6.0,,0,0,
1.0,,0,0,
1.0,,0,0,
2.0,,0,0,
1.0,,0,0,
1.0,,0,0,
19.0,,0,0,
19.0,,0,0,
20.0,,0,0,
17.0,,0,0,
2.0,,0,0,
2.0,,0,0,
2.0,,0,0,
18.0,,0,0,
18.0,,0,0,
3.0,,0,0,
5.0,,0,0,
8.0,,0,0,
3.0,,0,0,
5.0,,0,0,
39.0,,0,0,
35.0,,0,0,
2.0,,0,0,
1.0,,0,0,
6.0,,0,0,
9.0,,0,0,
2.0,,0,0,
1.0,,0,0,
6.0,,0,0,
13.0,,0,0,
13.0,,0,0,
0.0,,0,0,
3.0,,0,0,
3.0,,0,0,
0.0,,0,0,
3.0,,0,0,
19.0,,0,0,
19.0,,0,0,
6.0,,0,0,
0.0,,0,0,
8.0,,0,0,
14.0,,0,0,
6.0,,0,0,
0.0,,0,0,
8.0,,0,0,
39.0,,0,0,
3.0,,0,0,
1.0,,0,0,
4.0,,0,0,
8.0,,0,0,
15.0,,0,0,
9.0,,0,0,
1.0,,0,0,
1.0,,0,0,
1.0,,0,0,
1.0,,0,0,
65.0,,0,0,
64.0,,0,0,
23.0,,0,0,
11.0,,0,0,
44.0,,0,0,
23.0,,0,0,
11.0,,0,0,
11.0,,0,0,
10.0,,0,0,
2.0,,0,0,
1.0,,0,0,
3.0,,0,0,
2.0,,0,0,
1.0,,0,0,
0.0,,0,0,
21.0,,0,0,
21.0,,0,0,
3.0,,0,0,
14.0,,0,0,
17.0,,0,0,
3.0,,0,0,
14.0,,0,0,
22949.0,,0,0,
19981.0,,0,0,
553.0,,0,0,
212.0,,0,0,
585.0,,0,0,
1350.0,,0,0,
3054.0,,0,0,
3054.0,,0,0,
369.0,,0,0,
235.0,,0,0,
488.0,,0,0,
1092.0,,0,0,
369.0,,0,0,
235.0,,0,0,
488.0,,0,0,
1818.0,,0,0,
1438.0,,0,0,
107.0,,0,0,
253.0,,0,0,
63.0,,0,0,
423.0,,0,0,
107.0,,0,0,
253.0,,0,0,
63.0,,0,0,
5304.0,,0,0,
3932.0,,0,0,
293.0,,0,0,
418.0,,0,0,
965.0,,0,0,
293.0,,0,0,
418.0,,0,0,
2256.0,,0,0,
2098.0,,0,0,
412.0,,0,0,
284.0,,0,0,
212.0,,0,0,
908.0,,0,0,
2918.0,,0,0,
1139.0,,0,0,
101.0,,0,0,
33.0,,0,0,
28.0,,0,0,
162.0,,0,0,
101.0,,0,0,
33.0,,0,0,
28.0,,0,0,
2628.0,,0,0,
1163.0,,0,0,
101.0,,0,0,
35.0,,0,0,
76.0,,0,0,
212.0,,0,0,
101.0,,0,0,
35.0,,0,0,
76.0,,0,0,
4982.0,,0,0,
132.0,,0,0,
238.0,,0,0,
421.0,,0,0,
4305.0,,0,0,
3880.0,,0,0,
378.0,,0,0,
212.0,,0,0,
820.0,,0,0,
1410.0,,0,0,
378.0,,0,0,
212.0,,0,0,
820.0,,0,0,
5850.0,,0,0,
5700.0,,0,0,
64.0,,0,0,
17.0,,0,0,
174.0,,0,0,
255.0,,0,0,
2721.0,,0,0,
2433.0,,0,0,
162.0,,0,0,
105.0,,0,0,
382.0,,0,0,
162.0,,0,0,
105.0,,0,0,
438.0,,0,0,
52.0,,0,0,
1050.0,,0,0,
1050.0,,0,0,
25.0,,0,0,
20.0,,0,0,
56.0,,0,0,
101.0,,0,0,
25.0,,0,0,
20.0,,0,0,
56.0,,0,0,
8249.0,,0,0,
269.0,,0,0,
193.0,,0,0,
169.0,,0,0,
631.0,,0,0,
7000.0,,0,0,
520.0,,0,0,
529.0,,0,0,
741.0,,0,0,
1790.0,,0,0,
4606.0,,0,0,
374.0,,0,0,
74.0,,0,0,
28.0,,0,0,
86.0,,0,0,
188.0,,0,0,
18.0,,0,0,
6.0,,0,0,
17.0,,0,0,
1323.0,,0,0,
1205.0,,0,0,
124.0,,0,0,
121.0,,0,0,
109.0,,0,0,
354.0,,0,0,
124.0,,0,0,
121.0,,0,0,
109.0,,0,0,
23296.0,,0,0,
12182.0,,0,0,
212.0,,0,0,
6.0,,0,0,
348.0,,0,0,
566.0,,0,0,
123.0,,0,0,
5.0,,0,0,
213.0,,0,0,
1395.0,,0,0,
117.0,,0,0,
71.0,,0,0,
168.0,,0,0,
356.0,,0,0,
4469.0,,0,0,
2764.0,,0,0,
76.0,,0,0,
213.0,,0,0,
114.0,,0,0,
1376.0,,0,0,
1376.0,,0,0,
122.0,,0,0,
44.0,,0,0,
131.0,,0,0,
297.0,,0,0,
122.0,,0,0,
44.0,,0,0,
131.0,,0,0,
3141.0,,0,0,
2583.0,,0,0,
152.0,,0,0,
124.0,,0,0,
204.0,,0,0,
480.0,,0,0,
140.0,,0,0,
117.0,,0,0,
194.0,,0,0,
3607.0,,0,0,
2927.0,,0,0,
3619.0,,0,0,
171.0,,0,0,
155.0,,0,0,
201.0,,0,0,
527.0,,0,0,
7586.0,,0,0,
6889.0,,0,0,
246.0,,0,0,
272.0,,0,0,
523.0,,0,0,
1041.0,,0,0,
244.0,,0,0,
272.0,,0,0,
519.0,,0,0,
1603.0,,0,0,
1603.0,,0,0,
90.0,,0,0,
39.0,,0,0,
139.0,,0,0,
268.0,,0,0,
2866.0,,0,0,
2712.0,,0,0,
197.0,,0,0,
111.0,,0,0,
362.0,,0,0,
780.0,,0,0,
197.0,,0,0,
111.0,,0,0,
362.0,,0,0,
12141.0,,0,0,
76.0,,0,0,
65.0,,0,0,
56.0,,0,0,
197.0,,0,0,
4562.0,,0,0,
1932.0,,0,0,
113.0,,0,0,
51.0,,0,0,
229.0,,0,0,
393.0,,0,0,
113.0,,0,0,
51.0,,0,0,
229.0,,0,0,
6103.0,,0,0,
199.0,,0,0,
153.0,,0,0,
426.0,,0,0,
199.0,,0,0,
153.0,,0,0,
2013.0,,0,0,
1308.0,,0,0,
67.0,,0,0,
35.0,,0,0,
102.0,,0,0,
204.0,,0,0,
67.0,,0,0,
35.0,,0,0,
102.0,,0,0,
2288.0,,0,0,
123.0,,0,0,
67.0,,0,0,
184.0,,0,0,
63.0,,0,0,
3452.0,,0,0,
3119.0,,0,0,
80.0,,0,0,
254.0,,0,0,
334.0,,0,0,
80.0,,0,0,
254.0,,0,0,
5342.0,,0,0,
5302.0,,0,0,
20.0,,0,0,
3.0,,0,0,
17.0,,0,0,
8.0,,0,0,
4.0,,0,0,
4.0,,0,0,
25.0,,0,0,
8.0,,0,0,
17.0,,0,0,
53.0,,0,0,
15.0,,0,0,
38.0,,0,0,
28.382,,1,0,
16.917,,1,0,
5.53,,1,0,
16.318,,1,0,
5.883,,1,0,
0.992,,1,0,
99.0,,0,0,
99.0,,0,0,
84.0,,0,0,
84.0,,0,0,
18.0,,0,0,
18.0,,0,0,
6.0,,0,0,
6.0,,0,0,
15.0,,0,0,
15.0,,0,0,
39.0,,0,0,
39.0,,0,0,
18.0,,0,0,
18.0,,0,0,
6.0,,0,0,
6.0,,0,0,
15.0,,0,0,
15.0,,0,0,
27.0,,0,0,
66.0,,0,0,
9.0,,0,0,
12.0,,0,0,
1092.0,,0,0,
39.0,,0,0,
39.0,,0,0,
25.962,,1,0,
28.821,,1,0,
64.286,,1,0,
57.143,,1,0,
35.756,,1,0,
39.394,,1,0,
39.394,,1,0,
28.723,,1,0,
28.821,,1,0,
64.286,,1,0,
57.143,,1,0,
35.756,,1,0,
46.429,,1,0,
46.429,,1,0,
142.0,,0,0,
99.0,,0,0,
43.0,,0,0,
123.0,,0,0,
99.0,,0,0,
24.0,,0,0,
4.0,,0,0,
3.0,,0,0,
1.0,,0,0,
3.0,,0,0,
2.0,,0,0,
1.0,,0,0,
22.0,,0,0,
9.0,,0,0,
13.0,,0,0,
29.0,,0,0,
14.0,,0,0,
15.0,,0,0,
4.0,,0,0,
3.0,,0,0,
1.0,,0,0,
3.0,,0,0,
2.0,,0,0,
1.0,,0,0,
22.0,,0,0,
9.0,,0,0,
13.0,,0,0,
18.0,,0,0,
55.0,,0,0,
4.0,,0,0,
6.0,,0,0,
423.0,,0,0,
29.0,,0,0,
14.0,,0,0,
15.0,,0,0,
21.429,,1,0,
27.778,,1,0,
40.0,,1,0,
31.579,,1,0,
23.267,,1,0,
20.423,,1,0,
14.141,,1,0,
34.884,,1,0,
27.692,,1,0,
30.899,,1,0,
57.143,,1,0,
37.5,,1,0,
29.416,,1,0,
23.577,,1,0,
14.141,,1,0,
62.5,,1,0,
1392.0,,0,0,
1229.0,,0,0,
163.0,,0,0,
1376.0,,0,0,
1228.0,,0,0,
148.0,,0,0,
28.0,,0,0,
13.0,,0,0,
15.0,,0,0,
11.0,,0,0,
23.0,,0,0,
4.0,,0,0,
3.0,,0,0,
254.0,,0,0,
11.0,,0,0,
3.0,,0,0,
8.0,,0,0,
51.0,,0,0,
38.0,,0,0,
13.0,,0,0,
90.0,,0,0,
54.0,,0,0,
36.0,,0,0,
28.0,,0,0,
13.0,,0,0,
15.0,,0,0,
11.0,,0,0,
23.0,,0,0,
4.0,,0,0,
3.0,,0,0,
254.0,,0,0,
11.0,,0,0,
3.0,,0,0,
8.0,,0,0,
51.0,,0,0,
38.0,,0,0,
13.0,,0,0,
55.0,,0,0,
97.0,,0,0,
29.0,,0,0,
18.0,,0,0,
965.0,,0,0,
90.0,,0,0,
54.0,,0,0,
36.0,,0,0,
24.775,,1,0,
14.038,,1,0,
64.444,,1,0,
39.13,,1,0,
18.194,,1,0,
6.466,,1,0,
4.394,,1,0,
22.086,,1,0,
26.066,,1,0,
14.265,,1,0,
67.442,,1,0,
39.13,,1,0,
24.542,,1,0,
6.541,,1,0,
4.397,,1,0,
24.324,,1,0,
80.0,,0,0,
80.0,,0,0,
63.0,,0,0,
63.0,,0,0,
2.0,,0,0,
2.0,,0,0,
15.0,,0,0,
15.0,,0,0,
8.0,,0,0,
8.0,,0,0,
25.0,,0,0,
25.0,,0,0,
1.0,,0,0,
28.0,,0,0,
3.0,,0,0,
5.0,,0,0,
412.0,,0,0,
2.0,,0,0,
2.0,,0,0,
10.0,,0,0,
35.0,,0,0,
1.0,,0,0,
5.0,,0,0,
284.0,,0,0,
15.0,,0,0,
15.0,,0,0,
4.0,,0,0,
36.0,,0,0,
3.0,,0,0,
6.0,,0,0,
212.0,,0,0,
8.0,,0,0,
8.0,,0,0,
15.0,,0,0,
99.0,,0,0,
7.0,,0,0,
16.0,,0,0,
908.0,,0,0,
25.0,,0,0,
25.0,,0,0,
16.304,,1,0,
44.796,,1,0,
53.846,,1,0,
76.19,,1,0,
40.248,,1,0,
31.25,,1,0,
31.25,,1,0,
18.519,,1,0,
45.205,,1,0,
58.333,,1,0,
76.19,,1,0,
43.279,,1,0,
39.683,,1,0,
39.683,,1,0,
55.0,,0,0,
36.0,,0,0,
2.0,,0,0,
6.0,,0,0,
8.0,,0,0,
2.0,,0,0,
6.0,,0,0,
10.0,,0,0,
84.0,,0,0,
5.0,,0,0,
162.0,,0,0,
8.0,,0,0,
12.676,,1,0,
34.855,,1,0,
33.333,,1,0,
5.552,,1,0,
14.545,,1,0,
18.519,,1,0,
41.584,,1,0,
33.333,,1,0,
14.223,,1,0,
22.222,,1,0,
63.0,,0,0,
50.0,,0,0,
3.0,,0,0,
3.0,,0,0,
4.0,,0,0,
10.0,,0,0,
3.0,,0,0,
3.0,,0,0,
4.0,,0,0,
8.0,,0,0,
86.0,,0,0,
1.0,,0,0,
1.0,,0,0,
212.0,,0,0,
10.0,,0,0,
11.268,,1,0,
33.992,,1,0,
16.667,,1,0,
10.0,,1,0,
8.067,,1,0,
15.873,,1,0,
14.815,,1,0,
35.102,,1,0,
20.0,,1,0,
20.0,,1,0,
18.229,,1,0,
20.0,,1,0,
80.0,,0,0,
6.0,,0,0,
4.0,,0,0,
5.0,,0,0,
15.0,,0,0,
16.0,,0,0,
92.0,,0,0,
13.6,,1,0,
27.02,,1,0,
23.684,,1,0,
22.857,,1,0,
18.75,,1,0,
32.394,,1,0,
103.0,,0,0,
89.0,,0,0,
9.0,,0,0,
8.0,,0,0,
11.0,,0,0,
28.0,,0,0,
9.0,,0,0,
8.0,,0,0,
11.0,,0,0,
39.0,,0,0,
94.0,,0,0,
9.0,,0,0,
10.0,,0,0,
1410.0,,0,0,
28.0,,0,0,
36.449,,1,0,
33.571,,1,0,
69.231,,1,0,
47.619,,1,0,
32.753,,1,0,
27.184,,1,0,
39.796,,1,0,
36.154,,1,0,
69.231,,1,0,
50.0,,1,0,
36.34,,1,0,
31.461,,1,0,
665.0,,0,0,
511.0,,0,0,
154.0,,0,0,
601.0,,0,0,
469.0,,0,0,
125.0,,0,0,
16.0,,0,0,
4.0,,0,0,
12.0,,0,0,
19.0,,0,0,
5.0,,0,0,
14.0,,0,0,
28.0,,0,0,
5.0,,0,0,
23.0,,0,0,
63.0,,0,0,
14.0,,0,0,
49.0,,0,0,
16.0,,0,0,
4.0,,0,0,
12.0,,0,0,
19.0,,0,0,
5.0,,0,0,
14.0,,0,0,
28.0,,0,0,
5.0,,0,0,
23.0,,0,0,
29.0,,0,0,
62.0,,0,0,
9.0,,0,0,
6.0,,0,0,
63.0,,0,0,
14.0,,0,0,
49.0,,0,0,
25.217,,1,0,
14.091,,1,0,
13.636,,1,0,
26.087,,1,0,
4.359,,1,0,
9.474,,1,0,
2.74,,1,0,
31.818,,1,0,
25.664,,1,0,
17.664,,1,0,
14.063,,1,0,
27.273,,1,0,
10.483,,1,0,
2.985,,1,0,
39.2,,1,0,
81.0,,0,0,
81.0,,0,0,
52.0,,0,0,
52.0,,0,0,
35.0,,0,0,
35.0,,0,0,
14.0,,0,0,
78.0,,0,0,
4.0,,0,0,
2.0,,0,0,
382.0,,0,0,
16.092,,1,0,
32.773,,1,0,
26.667,,1,0,
11.111,,1,0,
14.039,,1,0,
43.21,,1,0,
43.21,,1,0,
18.421,,1,0,
33.051,,1,0,
26.667,,1,0,
11.111,,1,0,
15.701,,1,0,
5.0,,0,0,
44.0,,1,0,
11.872,,1,0,
404.0,,0,0,
376.0,,0,0,
28.0,,0,0,
391.0,,0,0,
376.0,,0,0,
15.0,,0,0,
1.0,,0,0,
4.0,,0,0,
5.0,,0,0,
1.0,,0,0,
4.0,,0,0,
0.0,,0,0,
1.0,,0,0,
101.0,,0,0,
5.0,,0,0,
1.754,,1,0,
27.198,,1,0,
0.0,,1,0,
33.333,,1,0,
9.619,,1,0,
17.857,,1,0,
0.0,,1,0,
33.333,,1,0,
9.619,,1,0,
33.333,,1,0,
641.0,,0,0,
544.0,,0,0,
97.0,,0,0,
6.0,,0,0,
11.0,,0,0,
8.0,,0,0,
25.0,,0,0,
18.254,,1,0,
24.101,,1,0,
19.643,,1,0,
31.818,,1,0,
7.649,,1,0,
25.773,,1,0,
400.0,,0,0,
54.0,,0,0,
71.0,,0,0,
44.0,,0,0,
169.0,,0,0,
21.25,,1,0,
14.0,,1,0,
37.0,,1,0,
51.648,,1,0,
25.571,,1,0,
42.25,,1,0,
1326.0,,0,0,
13.0,,0,0,
13.0,,0,0,
4.0,,0,0,
4.0,,0,0,
7.0,,0,0,
7.0,,0,0,
24.0,,0,0,
24.0,,0,0,
11.2,,1,0,
9.854,,1,0,
15.625,,1,0,
18.519,,1,0,
4.082,,1,0,
1.81,,1,0,
43.0,,0,0,
43.0,,0,0,
27.0,,0,0,
27.0,,0,0,
1.0,,0,0,
1.0,,0,0,
3.0,,0,0,
3.0,,0,0,
8.0,,0,0,
8.0,,0,0,
12.0,,0,0,
12.0,,0,0,
1.0,,0,0,
1.0,,0,0,
3.0,,0,0,
3.0,,0,0,
8.0,,0,0,
8.0,,0,0,
354.0,,0,0,
12.0,,0,0,
12.0,,0,0,
19.847,,1,0,
33.333,,1,0,
28.571,,1,0,
26.757,,1,0,
27.907,,1,0,
27.907,,1,0,
29.378,,1,0,
44.444,,1,0,
44.444,,1,0,
2763.0,,0,0,
85.0,,0,0,
14.0,,0,0,
76.0,,0,0,
175.0,,0,0,
44.0,,0,0,
3.0,,0,0,
30.0,,0,0,
81.0,,0,0,
99.0,,0,0,
112.0,,0,0,
49.0,,0,0,
341.0,,0,0,
77.0,,0,0,
26.241,,1,0,
21.755,,1,0,
17.838,,1,0,
14.044,,1,0,
2.43,,1,0,
6.334,,1,0,
50.0,,1,0,
50.769,,1,0,
21.456,,1,0,
18.352,,1,0,
2.799,,1,0,
97.0,,0,0,
57.0,,0,0,
40.0,,0,0,
16.0,,0,0,
97.0,,0,0,
57.0,,0,0,
40.0,,0,0,
5.0,,0,0,
3.0,,0,0,
2.0,,0,0,
4.0,,0,0,
3.0,,0,0,
1.0,,0,0,
14.0,,0,0,
4.0,,0,0,
10.0,,0,0,
23.0,,0,0,
10.0,,0,0,
13.0,,0,0,
5.0,,0,0,
3.0,,0,0,
2.0,,0,0,
1.0,,0,0,
4.0,,0,0,
3.0,,0,0,
1.0,,0,0,
14.0,,0,0,
4.0,,0,0,
10.0,,0,0,
23.0,,0,0,
10.0,,0,0,
13.0,,0,0,
18.868,,1,0,
24.405,,1,0,
71.429,,1,0,
43.75,,1,0,
25.52,,1,0,
23.711,,1,0,
17.544,,1,0,
32.5,,1,0,
23.711,,1,0,
17.544,,1,0,
32.5,,1,0,
75.0,,0,0,
54.0,,0,0,
6.0,,0,0,
4.0,,0,0,
12.0,,0,0,
9.0,,0,0,
80.0,,0,0,
49.0,,0,0,
1.0,,0,0,
403.0,,0,0,
22.0,,0,0,
18.0,,1,0,
35.242,,1,0,
39.516,,1,0,
25.0,,1,0,
14.58,,1,0,
40.741,,1,0,
205.0,,0,0,
173.0,,0,0,
32.0,,0,0,
205.0,,0,0,
173.0,,0,0,
32.0,,0,0,
6.0,,0,0,
6.0,,0,0,
2.0,,0,0,
2.0,,0,0,
4.0,,0,0,
3.0,,0,0,
12.0,,0,0,
11.0,,0,0,
6.0,,0,0,
6.0,,0,0,
2.0,,0,0,
2.0,,0,0,
4.0,,0,0,
3.0,,0,0,
17.0,,0,0,
62.0,,0,0,
2.0,,0,0,
297.0,,0,0,
12.0,,0,0,
11.0,,0,0,
23.944,,1,0,
26.496,,1,0,
33.333,,1,0,
21.584,,1,0,
5.854,,1,0,
6.358,,1,0,
23.944,,1,0,
26.496,,1,0,
33.333,,1,0,
21.584,,1,0,
5.854,,1,0,
6.358,,1,0,
126.0,,0,0,
36.0,,0,0,
77.0,,0,0,
90.0,,0,0,
36.0,,0,0,
46.0,,0,0,
0.0,,0,0,
5.0,,0,0,
0.0,,0,0,
4.0,,0,0,
6.0,,0,0,
1.0,,0,0,
1.0,,0,0,
14.0,,0,0,
1.0,,0,0,
12.0,,0,0,
25.0,,0,0,
2.0,,0,0,
17.0,,0,0,
5.0,,0,0,
0.0,,0,0,
4.0,,0,0,
6.0,,0,0,
1.0,,0,0,
1.0,,0,0,
14.0,,0,0,
1.0,,0,0,
12.0,,0,0,
13.0,,0,0,
34.0,,0,0,
3.0,,0,0,
451.0,,0,0,
25.0,,0,0,
2.0,,0,0,
17.0,,0,0,
11.607,,1,0,
7.456,,1,0,
25.0,,1,0,
15.282,,1,0,
19.841,,1,0,
5.556,,1,0,
22.078,,1,0,
13.0,,1,0,
7.572,,1,0,
33.333,,1,0,
17.46,,1,0,
27.778,,1,0,
5.556,,1,0,
36.957,,1,0,
65.0,,0,0,
35.0,,0,0,
10.0,,0,0,
8.0,,0,0,
4.0,,0,0,
22.0,,0,0,
10.0,,0,0,
8.0,,0,0,
4.0,,0,0,
31.0,,0,0,
111.0,,0,0,
10.0,,0,0,
2.0,,0,0,
22.0,,0,0,
19.62,,1,0,
28.244,,1,0,
20.408,,1,0,
10.0,,1,0,
33.846,,1,0,
28.704,,1,0,
30.663,,1,0,
31.25,,1,0,
11.765,,1,0,
62.857,,1,0,
79.0,,0,0,
63.0,,0,0,
6.0,,0,0,
6.0,,0,0,
12.0,,0,0,
6.0,,0,0,
6.0,,0,0,
20.0,,0,0,
51.0,,0,0,
5.0,,0,0,
8.0,,0,0,
12.0,,0,0,
22.222,,1,0,
24.171,,1,0,
41.667,,1,0,
44.444,,1,0,
14.562,,1,0,
15.19,,1,0,
23.529,,1,0,
41.667,,1,0,
44.444,,1,0,
19.048,,1,0,
85.0,,0,0,
46.0,,0,0,
8.0,,0,0,
9.0,,0,0,
19.0,,0,0,
36.0,,0,0,
8.0,,0,0,
9.0,,0,0,
19.0,,0,0,
26.0,,0,0,
68.0,,0,0,
19.0,,0,0,
9.0,,0,0,
1035.0,,0,0,
36.0,,0,0,
15.116,,1,0,
10.625,,1,0,
18.095,,1,0,
23.077,,1,0,
13.723,,1,0,
42.353,,1,0,
17.219,,1,0,
11.39,,1,0,
20.43,,1,0,
25.714,,1,0,
15.024,,1,0,
78.261,,1,0,
132.0,,0,0,
132.0,,0,0,
6.0,,0,0,
6.0,,0,0,
8.0,,0,0,
20.0,,0,0,
6.0,,0,0,
6.0,,0,0,
8.0,,0,0,
9.0,,0,0,
54.0,,0,0,
2.0,,0,0,
3.0,,0,0,
20.0,,0,0,
13.846,,1,0,
21.344,,1,0,
33.333,,1,0,
23.077,,1,0,
16.719,,1,0,
15.152,,1,0,
13.846,,1,0,
21.344,,1,0,
33.333,,1,0,
23.077,,1,0,
15.152,,1,0,
90.0,,0,0,
90.0,,0,0,
71.0,,0,0,
71.0,,0,0,
8.0,,0,0,
8.0,,0,0,
15.0,,0,0,
15.0,,0,0,
11.0,,0,0,
11.0,,0,0,
33.0,,0,0,
76.0,,0,0,
13.0,,0,0,
14.0,,0,0,
780.0,,0,0,
34.0,,0,0,
34.0,,0,0,
38.824,,1,0,
37.073,,1,0,
68.421,,1,0,
73.684,,1,0,
28.761,,1,0,
47.887,,1,0,
47.887,,1,0,
896.0,,0,0,
512.0,,0,0,
384.0,,0,0,
13.143,,1,0,
11.0,,1,0,
20.513,,1,0,
1.623,,1,0,
622.0,,0,0,
3.0,,0,0,
3.0,,0,0,
8.0,,0,0,
11.0,,0,0,
3.0,,0,0,
7.0,,0,0,
24.0,,0,0,
11.0,,0,0,
101.0,,0,0,
393.0,,0,0,
42.0,,0,0,
8.0,,0,0,
8.615,,1,0,
17.742,,1,0,
20.342,,1,0,
1272.0,,0,0,
1182.0,,0,0,
72.0,,0,0,
1226.0,,0,0,
1182.0,,0,0,
44.0,,0,0,
23.0,,0,0,
23.0,,0,0,
14.0,,0,0,
1.0,,0,0,
13.0,,0,0,
38.0,,0,0,
1.0,,0,0,
37.0,,0,0,
23.0,,0,0,
23.0,,0,0,
14.0,,0,0,
1.0,,0,0,
13.0,,0,0,
36.0,,0,0,
46.0,,0,0,
52.0,,0,0,
44.0,,0,0,
426.0,,0,0,
38.0,,0,0,
1.0,,0,0,
37.0,,0,0,
19.459,,1,0,
9.02,,1,0,
37.143,,1,0,
67.692,,1,0,
6.98,,1,0,
2.987,,1,0,
0.085,,1,0,
51.389,,1,0,
22.222,,1,0,
9.237,,1,0,
38.519,,1,0,
68.75,,1,0,
3.1,,1,0,
0.085,,1,0,
84.091,,1,0,
103.0,,0,0,
66.0,,0,0,
54.0,,0,0,
66.0,,0,0,
52.0,,0,0,
44.0,,0,0,
1.0,,0,0,
3.0,,0,0,
2.0,,0,0,
3.0,,0,0,
5.0,,0,0,
5.0,,0,0,
9.0,,0,0,
4.0,,0,0,
9.0,,0,0,
1.0,,0,0,
3.0,,0,0,
2.0,,0,0,
3.0,,0,0,
5.0,,0,0,
5.0,,0,0,
3.0,,0,0,
95.0,,0,0,
2.0,,0,0,
3.0,,0,0,
204.0,,0,0,
9.0,,0,0,
4.0,,0,0,
9.0,,0,0,
4.545,,1,0,
40.598,,1,0,
40.0,,1,0,
27.273,,1,0,
10.134,,1,0,
8.738,,1,0,
6.061,,1,0,
16.667,,1,0,
5.0,,1,0,
43.779,,1,0,
40.0,,1,0,
30.0,,1,0,
15.596,,1,0,
13.636,,1,0,
7.692,,1,0,
20.455,,1,0,
61.0,,0,0,
35.0,,0,0,
58.095,,1,0,
33.333,,1,0,
40.0,,0,0,
273.0,,0,0,
188.0,,0,0,
85.0,,0,0,
40.0,,0,0,
9.0,,0,0,
31.0,,0,0,
10.0,,0,0,
1.0,,0,0,
9.0,,0,0,
50.0,,0,0,
10.0,,0,0,
40.0,,0,0,
40.0,,0,0,
9.0,,0,0,
31.0,,0,0,
10.0,,0,0,
1.0,,0,0,
9.0,,0,0,
34.0,,0,0,
105.0,,0,0,
18.0,,0,0,
17.0,,0,0,
334.0,,0,0,
50.0,,0,0,
10.0,,0,0,
40.0,,0,0,
38.202,,1,0,
27.632,,1,0,
75.0,,1,0,
80.952,,1,0,
9.676,,1,0,
18.315,,1,0,
5.319,,1,0,
47.059,,1,0,
28.767,,1,0,
75.0,,1,0,
80.952,,1,0,
10.709,,1,0,
4655.0,,0,0,
3.0,,0,0,
10.0,,0,0,
74.0,,0,0,
1.0,,0,0,
1.0,,0,0,
3.0,,0,0,
10.0,,0,0,
74.0,,0,0,
1.0,,0,0,
1.0,,0,0,
9.151,,1,0,
163.0,,0,0,
83.0,,0,0,
12.0,,0,0,
6.0,,0,0,
21.0,,0,0,
10.0,,0,0,
14.0,,0,0,
6.0,,0,0,
47.0,,0,0,
22.0,,0,0,
7.332,,1,0,
4.044,,1,0,
1262.0,,0,0,
1187.0,,0,0,
1228.0,,0,0,
1070.0,,0,0,
6.0,,0,0,
1.0,,0,0,
4.0,,0,0,
12.0,,0,0,
1.0,,0,0,
22.0,,0,0,
2.0,,0,0,
1.792,,1,0,
0.187,,1,0,
9.0,,0,0,
44.0,,0,0,
44.0,,0,0,
8.0,,0,0,
27.0,,0,0,
27.0,,0,0,
5.0,,0,0,
27.0,,0,0,
27.0,,0,0,
98.0,,0,0,
98.0,,0,0,
15.068,,1,0,
10.938,,1,0,
25.521,,1,0,
90.0,,0,0,
39.0,,0,0,
139.0,,0,0,
268.0,,0,0,
16.719,,1,0,
1405.0,,0,0,
1388.0,,0,0,
146.0,,0,0,
97.0,,0,0,
184.0,,0,0,
104.0,,0,0,
405.0,,0,0,
328.0,,0,0,
146.0,,0,0,
97.0,,0,0,
184.0,,0,0,
104.0,,0,0,
405.0,,0,0,
328.0,,0,0,
28.826,,1,0,
29.179,,1,0,
88.0,,0,0,
25.0,,0,0,
929.0,,0,0,
1898.0,,0,0,
14647.0,,0,0,
73.0,,0,0,
23.0,,0,0,
904.0,,0,0,
1897.0,,0,0,
13677.0,,0,0,
0.0,,0,0,
1.0,,0,0,
3.0,,0,0,
91.0,,0,0,
155.0,,0,0,
454.0,,0,0,
0.0,,0,0,
0.0,,0,0,
4.0,,0,0,
1.0,,0,0,
133.0,,0,0,
98.0,,0,0,
168.0,,0,0,
5.0,,0,0,
1.0,,0,0,
88.0,,0,0,
224.0,,0,0,
676.0,,0,0,
12.0,,0,0,
2.0,,0,0,
312.0,,0,0,
477.0,,0,0,
1298.0,,0,0,
1.0,,0,0,
3.0,,0,0,
91.0,,0,0,
155.0,,0,0,
454.0,,0,0,
4.0,,0,0,
1.0,,0,0,
133.0,,0,0,
98.0,,0,0,
168.0,,0,0,
5.0,,0,0,
1.0,,0,0,
88.0,,0,0,
224.0,,0,0,
676.0,,0,0,
12.0,,0,0,
2.0,,0,0,
312.0,,0,0,
477.0,,0,0,
1298.0,,0,0,
13.636,,1,0,
8.0,,1,0,
33.585,,1,0,
25.132,,1,0,
8.862,,1,0,
16.438,,1,0,
8.696,,1,0,
34.513,,1,0,
25.145,,1,0,
9.49,,1,0,
197.0,,0,0,
94.0,,0,0,
1195.0,,0,0,
2380.0,,0,0,
10434.0,,0,0,
183.0,,0,0,
94.0,,0,0,
1189.0,,0,0,
2380.0,,0,0,
10256.0,,0,0,
14.0,,0,0,
5.0,,0,0,
114.0,,0,0,
169.0,,0,0,
1010.0,,0,0,
0.0,,0,0,
12.0,,0,0,
4.0,,0,0,
45.0,,0,0,
337.0,,0,0,
559.0,,0,0,
23.0,,0,0,
12.0,,0,0,
250.0,,0,0,
546.0,,0,0,
2183.0,,0,0,
49.0,,0,0,
21.0,,0,0,
409.0,,0,0,
1052.0,,0,0,
3752.0,,0,0,
14.0,,0,0,
5.0,,0,0,
114.0,,0,0,
169.0,,0,0,
1010.0,,0,0,
0.0,,0,0,
12.0,,0,0,
4.0,,0,0,
45.0,,0,0,
337.0,,0,0,
559.0,,0,0,
23.0,,0,0,
12.0,,0,0,
250.0,,0,0,
546.0,,0,0,
2183.0,,0,0,
49.0,,0,0,
21.0,,0,0,
409.0,,0,0,
1052.0,,0,0,
3752.0,,0,0,
24.873,,1,0,
22.34,,1,0,
34.226,,1,0,
44.202,,1,0,
35.959,,1,0,
26.776,,1,0,
22.34,,1,0,
34.399,,1,0,
44.202,,1,0,
36.583,,1,0,
58632.0,,0,0,
136.0,,0,0,
88.0,,0,0,
232.0,,0,0,
456.0,,0,0,
0.778,,1,0,
1102.0,,0,0,
224.0,,0,0,
30054.0,,0,0,
59.0,,0,0,
39.0,,0,0,
18.0,,0,0,
117.0,,0,0,
174.0,,0,0,
9.0,,0,0,
3.0,,0,0,
3.0,,0,0,
0.0,,0,0,
0.0,,0,0,
0.0,,0,0,
3.0,,0,0,
41.0,,0,0,
15.0,,0,0,
10.714,,1,0,
0.579,,1,0,
0.0,,1,0,
0.0,,1,0,
50.0,,1,0,
10.963,,1,0,
25.424,,1,0,
149.0,0.0,0,0,
7.0,0.0,0,0,
9.0,0.0,0,0,
23.0,0.0,0,0,
15.436,0.0,1,0,
2224.0,,0,0,
505.0,,0,0,
289.0,,0,0,
2.0,,0,0,
77.0,,0,0,
24.0,,0,0,
0.0,,0,0,
13.0,,0,0,
2.0,,0,0,
66.0,,0,0,
2.0,,0,0,
26.0,,0,0,
4.0,,0,0,
156.0,,0,0,
51.0,,0,0,
0.0,,0,0,
42.0,,0,0,
20.0,,0,0,
0.0,,0,0,
3.0,,0,0,
0.0,,0,0,
29.0,,0,0,
18.0,,0,0,
0.0,,0,0,
74.0,,0,0,
0.0,,0,0,
39.0,,0,0,
0.18,,1,0,
30.891,,1,0,
25.606,,1,0,
517.0,,0,0,
683.0,,0,0,
507.0,,0,0,
27.0,,0,0,
42.0,,0,0,
61.0,,0,0,
52.0,,0,0,
49.0,,0,0,
50.0,,0,0,
43.0,,0,0,
65.0,,0,0,
51.0,,0,0,
122.0,,0,0,
156.0,,0,0,
162.0,,0,0,
7.0,,0,0,
23.598,,1,0,
22.84,,1,0,
31.953,,1,0,
43.75,,1,0,
5747.0,,0,0,
1310.0,,0,0,
2026.0,,0,0,
30700.0,,0,0,
4.0,,0,0,
2.0,,0,0,
62.0,,0,0,
14.0,,0,0,
6.0,,0,0,
133.0,,0,0,
2.0,,0,0,
8.0,,0,0,
71.0,,0,0,
20.0,,0,0,
16.0,,0,0,
266.0,,0,0,
9.0,,0,0,
2.0,,0,0,
86.0,,0,0,
24.0,,0,0,
6.0,,0,0,
195.0,,0,0,
5.0,,0,0,
8.0,,0,0,
102.0,,0,0,
38.0,,0,0,
16.0,,0,0,
390.0,,0,0,
4.629,,1,0,
2.901,,1,0,
0.79,,1,0,
1.27,,1,0,
1099.0,,0,0,
1402.0,,0,0,
15266.0,,0,0,
1099.0,,0,0,
1402.0,,0,0,
15266.0,,0,0,
75.0,,0,0,
97.0,,0,0,
468.0,,0,0,
44.0,,0,0,
49.0,,0,0,
103.0,,0,0,
1.0,,0,0,
124.0,,0,0,
123.0,,0,0,
785.0,,0,0,
1.0,,0,0,
243.0,,0,0,
269.0,,0,0,
1356.0,,0,0,
75.0,,0,0,
97.0,,0,0,
468.0,,0,0,
44.0,,0,0,
49.0,,0,0,
103.0,,0,0,
1.0,,0,0,
124.0,,0,0,
123.0,,0,0,
785.0,,0,0,
1.0,,0,0,
243.0,,0,0,
269.0,,0,0,
1356.0,,0,0,
3.125,,1,0,
22.111,,1,0,
19.187,,1,0,
8.882,,1,0,
3.125,,1,0,
22.111,,1,0,
19.187,,1,0,
8.882,,1,0,
705.0,,0,0,
1650.0,,0,0,
33872.0,,0,0,
696.0,,0,0,
1650.0,,0,0,
33637.0,,0,0,
52.0,,0,0,
201.0,,0,0,
358.0,,0,0,
179.0,,0,0,
152.0,,0,0,
31.0,,0,0,
165.0,,0,0,
571.0,,0,0,
83.0,,0,0,
545.0,,0,0,
1081.0,,0,0,
52.0,,0,0,
201.0,,0,0,
358.0,,0,0,
179.0,,0,0,
152.0,,0,0,
31.0,,0,0,
165.0,,0,0,
571.0,,0,0,
83.0,,0,0,
545.0,,0,0,
1081.0,,0,0,
11.773,,1,0,
33.03,,1,0,
3.191,,1,0,
11.925,,1,0,
33.03,,1,0,
3.214,,1,0,
79.0,,0,0,
699.0,,0,0,
1508.0,,0,0,
24818.0,,0,0,
63.0,,0,0,
6.0,,0,0,
75.0,,0,0,
48.0,,0,0,
401.0,,0,0,
47.0,,0,0,
140.0,,0,0,
199.0,,0,0,
6.0,,0,0,
190.0,,0,0,
169.0,,0,0,
1036.0,,0,0,
12.0,,0,0,
312.0,,0,0,
357.0,,0,0,
1621.0,,0,0,
6.0,,0,0,
6.0,,0,0,
12.0,,0,0,
15.19,,1,0,
44.635,,1,0,
23.674,,1,0,
6.532,,1,0,
19.048,,1,0,
1153.0,,0,0,
786.0,,0,0,
3118.0,,0,0,
1153.0,,0,0,
786.0,,0,0,
3118.0,,0,0,
8.0,,0,0,
8.0,,0,0,
102.0,,0,0,
96.0,,0,0,
358.0,,0,0,
15.0,,0,0,
15.0,,0,0,
121.0,,0,0,
45.0,,0,0,
230.0,,0,0,
11.0,,0,0,
11.0,,0,0,
164.0,,0,0,
116.0,,0,0,
487.0,,0,0,
34.0,,0,0,
34.0,,0,0,
387.0,,0,0,
257.0,,0,0,
1075.0,,0,0,
102.0,,0,0,
96.0,,0,0,
358.0,,0,0,
121.0,,0,0,
45.0,,0,0,
230.0,,0,0,
164.0,,0,0,
116.0,,0,0,
487.0,,0,0,
387.0,,0,0,
257.0,,0,0,
1075.0,,0,0,
34.021,,1,0,
37.073,,1,0,
68.421,,1,0,
73.684,,1,0,
27.216,,1,0,
37.778,,1,0,
37.778,,1,0,
33.565,,1,0,
32.697,,1,0,
34.477,,1,0,
33.565,,1,0,
32.697,,1,0,
34.477,,1,0,
2875.0,,0,0,
36242.0,,0,0,
43.0,,0,0,
3226.0,,0,0,
30.0,,0,0,
34.0,,0,0,
138.0,,0,0,
2.0,,0,0,
26.0,,0,0,
45.0,,0,0,
102.0,,0,0,
52.0,,0,0,
111.0,,0,0,
272.0,,0,0,
2.0,,0,0,
2.0,,0,0,
190.0,,0,0,
512.0,,0,0,
30.0,,0,0,
34.0,,0,0,
138.0,,0,0,
2.0,,0,0,
26.0,,0,0,
45.0,,0,0,
102.0,,0,0,
3.0,,0,0,
52.0,,0,0,
111.0,,0,0,
272.0,,0,0,
2.0,,0,0,
2.0,,0,0,
108.0,,0,0,
190.0,,0,0,
512.0,,0,0,
10.28,,1,0,
17.119,,1,0,
13.333,,1,0,
13.333,,1,0,
6.609,,1,0,
1.413,,1,0,
25.0,,1,0,
22.222,,1,0,
18.605,,1,0,
15.871,,1,0,
923.0,,0,0,
1383.0,,0,0,
12220.0,,0,0,
907.0,,0,0,
1383.0,,0,0,
12047.0,,0,0,
63.0,,0,0,
2.0,,0,0,
9.0,,0,0,
33.0,,0,0,
23.0,,0,0,
119.0,,0,0,
63.0,,0,0,
2.0,,0,0,
9.0,,0,0,
33.0,,0,0,
23.0,,0,0,
119.0,,0,0,
0.974,,1,0,
0.988,,1,0,
543.0,,0,0,
1954.0,,0,0,
638.0,,0,0,
871.0,,0,0,
38140.0,,0,0,
4216.0,,0,0,
2600.0,,0,0,
1603.0,,0,0,
1640.0,,0,0,
1761.0,,0,0,
22745.0,,0,0,
62.0,,0,0,
83.0,,0,0,
372.0,,0,0,
6120.0,,0,0,
413.0,,0,0,
9.0,,0,0,
49.0,,0,0,
16.0,,0,0,
123.0,,0,0,
241.0,,0,0,
10.0,,0,0,
2.0,,0,0,
3.0,,0,0,
4.0,,0,0,
44.0,,0,0,
4.0,,0,0,
15.0,,0,0,
11.0,,0,0,
75.0,,0,0,
105.0,,0,0,
7.0,,0,0,
1.0,,0,0,
2.0,,0,0,
6.0,,0,0,
6.0,,0,0,
24.0,,0,0,
61.0,,0,0,
17.0,,0,0,
101.0,,0,0,
319.0,,0,0,
92.0,,0,0,
9.0,,0,0,
46.0,,0,0,
32.0,,0,0,
48.0,,0,0,
37.0,,0,0,
125.0,,0,0,
44.0,,0,0,
299.0,,0,0,
665.0,,0,0,
109.0,,0,0,
12.0,,0,0,
51.0,,0,0,
42.0,,0,0,
98.0,,0,0,
0.0,,0,0,
18.0,,0,0,
168.0,,0,0,
2.0,,0,0,
2.0,,0,0,
7.0,,0,0,
85.0,,0,0,
2.0,,0,0,
4.0,,0,0,
21.0,,0,0,
195.0,,0,0,
19.0,,0,0,
6.0,,0,0,
46.0,,0,0,
448.0,,0,0,
23.0,,0,0,
6.814,,1,0,
6.397,,1,0,
6.897,,1,0,
34.328,,1,0,
1.744,,1,0,
2.585,,1,0,
0.462,,1,0,
3.182,,1,0,
2.561,,1,0,
0.431,,1,0,
9.677,,1,0,
55.422,,1,0,
7.32,,1,0,
5.569,,1,0,
598.0,,0,0,
556.0,,0,0,
10371.0,,0,0,
597.0,,0,0,
551.0,,0,0,
10119.0,,0,0,
1.0,,0,0,
1.0,,0,0,
1.0,,0,0,
24.0,,0,0,
74.0,,0,0,
43.0,,0,0,
2.0,,0,0,
19.0,,0,0,
64.0,,0,0,
40.0,,0,0,
1.0,,0,0,
116.0,,0,0,
43.0,,0,0,
54.0,,0,0,
159.0,,0,0,
181.0,,0,0,
137.0,,0,0,
1.0,,0,0,
1.0,,0,0,
1.0,,0,0,
24.0,,0,0,
74.0,,0,0,
43.0,,0,0,
2.0,,0,0,
19.0,,0,0,
64.0,,0,0,
40.0,,0,0,
1.0,,0,0,
116.0,,0,0,
43.0,,0,0,
54.0,,0,0,
159.0,,0,0,
181.0,,0,0,
137.0,,0,0,
26.589,,1,0,
32.554,,1,0,
1.321,,1,0,
26.633,,1,0,
32.849,,1,0,
1.354,,1,0,
213.0,,0,0,
7.0,,0,0,
32.0,,0,0,
32.0,,0,0,
13.0,,0,0,
3.0,,0,0,
0.0,,0,0,
0.0,,0,0,
21.0,,0,0,
2.0,,0,0,
6.0,,0,0,
6.0,,0,0,
31.0,,0,0,
1.0,,0,0,
0.0,,0,0,
0.0,,0,0,
65.0,,0,0,
6.0,,0,0,
374.0,,0,0,
6.0,,0,0,
6.0,,0,0,
30.516,,1,0,
85.714,,1,0,
16.346,,1,0,
18.75,,1,0,
18.75,,1,0,
62.0,,0,0,
233.0,,0,0,
7.0,,0,0,
13.0,,0,0,
1937.0,,0,0,
87.0,,0,0,
42.0,,0,0,
45.0,,0,0,
54.0,,0,0,
231.0,,0,0,
7.0,,0,0,
13.0,,0,0,
1304.0,,0,0,
72.0,,0,0,
27.0,,0,0,
45.0,,0,0,
3.0,,0,0,
19.0,,0,0,
1.0,,0,0,
1.0,,0,0,
110.0,,0,0,
0.0,,0,0,
0.0,,0,0,
0.0,,0,0,
41.0,,0,0,
18.0,,0,0,
38.0,,0,0,
0.0,,0,0,
4.0,,0,0,
1.0,,0,0,
1.0,,0,0,
16.0,,0,0,
1.0,,0,0,
1.0,,0,0,
3.0,,0,0,
2.0,,0,0,
7.0,,0,0,
2.0,,0,0,
16.0,,0,0,
0.0,,0,0,
2.0,,0,0,
83.0,,0,0,
1.0,,0,0,
1.0,,0,0,
17.0,,0,0,
4.0,,0,0,
34.0,,0,0,
5.0,,0,0,
39.0,,0,0,
2.0,,0,0,
4.0,,0,0,
209.0,,0,0,
2.0,,0,0,
1.0,,0,0,
1.0,,0,0,
61.0,,0,0,
24.0,,0,0,
79.0,,0,0,
3.0,,0,0,
19.0,,0,0,
1.0,,0,0,
1.0,,0,0,
110.0,,0,0,
0.0,,0,0,
0.0,,0,0,
0.0,,0,0,
0.0,,0,0,
4.0,,0,0,
1.0,,0,0,
1.0,,0,0,
16.0,,0,0,
1.0,,0,0,
1.0,,0,0,
2.0,,0,0,
16.0,,0,0,
0.0,,0,0,
1.0,,0,0,
83.0,,0,0,
1.0,,0,0,
1.0,,0,0,
5.0,,0,0,
39.0,,0,0,
2.0,,0,0,
3.0,,0,0,
209.0,,0,0,
2.0,,0,0,
1.0,,0,0,
1.0,,0,0,
8.065,,1,0,
16.738,,1,0,
28.571,,1,0,
30.769,,1,0,
10.79,,1,0,
2.299,,1,0,
2.381,,1,0,
2.222,,1,0,
9.259,,1,0,
16.883,,1,0,
28.571,,1,0,
23.077,,1,0,
16.028,,1,0,
2.778,,1,0,
3.704,,1,0,
2.222,,1,0,
43.0,,0,0,
71.0,,0,0,
50.0,,0,0,
12.0,,0,0,
126.0,,0,0,
14.0,,0,0,
112.0,,0,0,
104.0,,0,0,
12.0,,0,0,
42.0,,0,0,
10.0,,0,0,
18.0,,0,0,
135.0,,0,0,
34.0,,0,0,
101.0,,0,0,
101.0,,0,0,
55.0,,0,0,
120.0,,0,0,
20.0,,0,0,
11.0,,0,0,
148.0,,0,0,
50.0,,0,0,
98.0,,0,0,
94.0,,0,0,
110.0,,0,0,
234.0,,0,0,
80.0,,0,0,
38.0,,0,0,
409.0,,0,0,
98.0,,0,0,
311.0,,0,0,
299.0,,0,0,
2020.0,,0,0,
3880.0,,0,0,
114940.0,,0,0,
2014.0,,0,0,
3878.0,,0,0,
27.0,,0,0,
30.0,,0,0,
1.0,,0,0,
14.0,,0,0,
1.0,,0,0,
71.0,,0,0,
0.05,,1,0,
0.062,,1,0,
521.0,,0,0,
838.0,,0,0,
5238.0,,0,0,
521.0,,0,0,
838.0,,0,0,
5227.0,,0,0,
201.0,,0,0,
135.0,,0,0,
230.0,,0,0,
140.0,,0,0,
495.0,,0,0,
566.0,,0,0,
201.0,,0,0,
135.0,,0,0,
230.0,,0,0,
140.0,,0,0,
495.0,,0,0,
566.0,,0,0,
26.871,,1,0,
59.069,,1,0,
10.806,,1,0,
26.871,,1,0,
59.069,,1,0,
10.828,,1,0,
886.0,,0,0,
1526.0,,0,0,
32000.0,,0,0,
78.0,,0,0,
186.0,,0,0,
1091.0,,0,0,
70.0,,0,0,
136.0,,0,0,
961.0,,0,0,
76.0,,0,0,
247.0,,0,0,
1261.0,,0,0,
224.0,,0,0,
569.0,,0,0,
3313.0,,0,0,
25.282,,1,0,
37.287,,1,0,
10.353,,1,0,
1002.0,,0,0,
4270.0,,0,0,
50.0,,0,0,
179.0,,0,0,
84.0,,0,0,
104.0,,0,0,
87.0,,0,0,
319.0,,0,0,
221.0,,0,0,
602.0,,0,0,
22.056,,1,0,
14.098,,1,0,
596.0,,0,0,
1230.0,,0,0,
30.0,,0,0,
51.0,,0,0,
19.0,,0,0,
28.0,,0,0,
64.0,,0,0,
100.0,,0,0,
113.0,,0,0,
179.0,,0,0,
18.96,,1,0,
14.553,,1,0,
1800.0,,0,0,
1600.0,,0,0,
5300.0,,0,0,
138.0,,0,0,
41.0,,0,0,
2.0,,0,0,
103.0,,0,0,
20.0,,0,0,
43.0,,0,0,
240.0,,0,0,
63.0,,0,0,
65.0,,0,0,
13.333,,1,0,
3.938,,1,0,
1.226,,1,0,
1051.0,,0,0,
1133.0,,0,0,
9.0,,0,0,
11.0,,0,0,
3.0,,0,0,
5.0,,0,0,
3.0,,0,0,
29.0,,0,0,
15.0,,0,0,
45.0,,0,0,
53.0,,0,0,
168.0,,0,0,
7.0,,0,0,
1395.0,,0,0,
517.0,,0,0,
683.0,,0,0,
507.0,,0,0,
0.0,,0,0,
11.0,,0,0,
0.0,,0,0,
3.0,,0,0,
117.0,,0,0,
27.0,,0,0,
42.0,,0,0,
61.0,,0,0,
2.0,,0,0,
11.0,,0,0,
1.0,,0,0,
71.0,,0,0,
52.0,,0,0,
49.0,,0,0,
50.0,,0,0,
8.0,,0,0,
19.0,,0,0,
4.0,,0,0,
3.0,,0,0,
168.0,,0,0,
43.0,,0,0,
65.0,,0,0,
51.0,,0,0,
10.0,,0,0,
41.0,,0,0,
5.0,,0,0,
356.0,,0,0,
122.0,,0,0,
156.0,,0,0,
162.0,,0,0,
18.868,,1,0,
24.405,,1,0,
71.429,,1,0,
25.52,,1,0,
23.598,,1,0,
22.84,,1,0,
31.953,,1,0,
885.0,,0,0,
466.0,,0,0,
884.0,,0,0,
466.0,,0,0,
42870.0,,0,0,
10.0,,0,0,
54.0,,0,0,
13.0,,0,0,
20.0,,0,0,
22.0,,0,0,
164.0,,0,0,
45.0,,0,0,
238.0,,0,0,
10.0,,0,0,
54.0,,0,0,
13.0,,0,0,
20.0,,0,0,
22.0,,0,0,
164.0,,0,0,
45.0,,0,0,
238.0,,0,0,
5.085,,1,0,
5.09,,1,0,
0.555,,1,0,
97.0,,0,0,
42.0,,0,0,
97.0,,0,0,
42.0,,0,0,
5.0,,0,0,
1.0,,0,0,
6.0,,0,0,
6.0,,0,0,
1.0,,0,0,
17.0,,0,0,
3.0,,0,0,
5.0,,0,0,
1.0,,0,0,
6.0,,0,0,
6.0,,0,0,
1.0,,0,0,
17.0,,0,0,
3.0,,0,0,
17.526,,1,0,
7.143,,1,0,
17.526,,1,0,
7.143,,1,0,
108.0,,0,0,
241.0,,0,0,
890.0,,0,0,
196.0,,0,0,
191.0,,0,0,
1943.0,,0,0,
447.0,,0,0,
7.0,,0,0,
9.0,,0,0,
5.0,,0,0,
22.0,,0,0,
58.0,,0,0,
2.0,,0,0,
3.0,,0,0,
23.0,,0,0,
10.0,,0,0,
13.0,,0,0,
19.0,,0,0,
5.0,,0,0,
15.0,,0,0,
90.0,,0,0,
21.0,,0,0,
30.0,,0,0,
13.0,,0,0,
60.0,,0,0,
158.0,,0,0,
8.714,,1,0,
3.371,,1,0,
6.633,,1,0,
31.414,,1,0,
8.132,,1,0,
560.0,,0,0,
687.0,,0,0,
17100.0,,0,0,
559.0,,0,0,
687.0,,0,0,
17000.0,,0,0,
41.0,,0,0,
18.0,,0,0,
38.0,,0,0,
3.0,,0,0,
2.0,,0,0,
7.0,,0,0,
17.0,,0,0,
4.0,,0,0,
34.0,,0,0,
61.0,,0,0,
24.0,,0,0,
79.0,,0,0,
10.893,,1,0,
3.493,,1,0,
0.462,,1,0,
10.912,,1,0,
3.493,,1,0,
0.465,,1,0,
68.0,,0,0,
389.0,,0,0,
7.0,,0,0,
13.0,,0,0,
1334.0,,0,0,
105.0,,0,0,
51.0,,0,0,
54.0,,0,0,
470.0,,0,0,
250.0,,0,0,
25000.0,,0,0,
59.0,,0,0,
368.0,,0,0,
7.0,,0,0,
13.0,,0,0,
786.0,,0,0,
85.0,,0,0,
49.0,,0,0,
36.0,,0,0,
3.0,,0,0,
17.0,,0,0,
1.0,,0,0,
1.0,,0,0,
66.0,,0,0,
0.0,,0,0,
0.0,,0,0,
0.0,,0,0,
13.0,,0,0,
16.0,,0,0,
54.0,,0,0,
4.0,,0,0,
20.0,,0,0,
1.0,,0,0,
3.0,,0,0,
41.0,,0,0,
2.0,,0,0,
0.0,,0,0,
2.0,,0,0,
26.0,,0,0,
3.0,,0,0,
22.0,,0,0,
7.0,,0,0,
56.0,,0,0,
2.0,,0,0,
4.0,,0,0,
130.0,,0,0,
5.0,,0,0,
1.0,,0,0,
4.0,,0,0,
48.0,,0,0,
43.0,,0,0,
89.0,,0,0,
3.0,,0,0,
17.0,,0,0,
1.0,,0,0,
1.0,,0,0,
66.0,,0,0,
0.0,,0,0,
0.0,,0,0,
0.0,,0,0,
13.0,,0,0,
16.0,,0,0,
54.0,,0,0,
4.0,,0,0,
20.0,,0,0,
1.0,,0,0,
3.0,,0,0,
41.0,,0,0,
2.0,,0,0,
0.0,,0,0,
2.0,,0,0,
26.0,,0,0,
3.0,,0,0,
22.0,,0,0,
7.0,,0,0,
56.0,,0,0,
2.0,,0,0,
4.0,,0,0,
130.0,,0,0,
5.0,,0,0,
1.0,,0,0,
4.0,,0,0,
48.0,,0,0,
43.0,,0,0,
89.0,,0,0,
10.294,,1,0,
14.396,,1,0,
28.571,,1,0,
9.745,,1,0,
4.762,,1,0,
1.961,,1,0,
10.213,,1,0,
17.2,,1,0,
0.356,,1,0,
11.864,,1,0,
15.217,,1,0,
28.571,,1,0,
16.539,,1,0,
5.882,,1,0,
2.041,,1,0,
11.111,,1,0,
41.0,,0,0,
8.0,,0,0,
553.0,,0,0,
20.0,,0,0,
3.0,,0,0,
17.0,,0,0,
27.0,,0,0,
9.0,,0,0,
17.0,,0,0,
212.0,,0,0,
8.0,,0,0,
4.0,,0,0,
4.0,,0,0,
30.0,,0,0,
57.0,,0,0,
14.0,,0,0,
585.0,,0,0,
25.0,,0,0,
8.0,,0,0,
17.0,,0,0,
1.0,,0,0,
14.0,,0,0,
107.0,,0,0,
135.0,,0,0,
60.0,,0,0,
39.0,,0,0,
1350.0,,0,0,
53.0,,0,0,
15.0,,0,0,
38.0,,0,0,
1.0,,0,0,
71.0,,0,0,
30.398,,1,0,
17.624,,1,0,
5.556,,1,0,
16.387,,1,0,
6.756,,1,0,
1.0,,1,0,
0.05,,1,0,
1016.0,,0,0,
2100.0,,0,0,
53464.0,,0,0,
1016.0,,0,0,
2100.0,,0,0,
53464.0,,0,0,
69.0,,0,0,
135.0,,0,0,
310.0,,0,0,
34.0,,0,0,
57.0,,0,0,
302.0,,0,0,
135.0,,0,0,
251.0,,0,0,
356.0,,0,0,
238.0,,0,0,
443.0,,0,0,
968.0,,0,0,
69.0,,0,0,
135.0,,0,0,
310.0,,0,0,
34.0,,0,0,
57.0,,0,0,
302.0,,0,0,
135.0,,0,0,
251.0,,0,0,
356.0,,0,0,
238.0,,0,0,
443.0,,0,0,
968.0,,0,0,
23.425,,1,0,
21.095,,1,0,
1.811,,1,0,
23.425,,1,0,
21.095,,1,0,
1.811,,1,0,
1060.0,,0,0,
11.0,,0,0,
22.0,,0,0,
51.0,,0,0,
7.0,,0,0,
18.0,,0,0,
8.0,,0,0,
179.0,,0,0,
26.0,,0,0,
219.0,,0,0,
8.45,,1,0,
15.951,,1,0,
20.66,,1,0,
51.0,,0,0,
28.0,,0,0,
100.0,,0,0,
179.0,,0,0,
1209.0,,0,0,
2704.0,,0,0,
237.0,,0,0,
153.0,,0,0,
19.603,,1,0,
5.658,,1,0,
20636.0,,0,0,
2677.0,,0,0,
2676.0,,0,0,
75.0,,0,0,
127.0,,0,0,
75.0,,0,0,
127.0,,0,0,
12.253,,1,0,
12.257,,1,0,
115.0,,0,0,
115.0,,0,0,
5.0,,0,0,
6.0,,0,0,
6.0,,0,0,
17.0,,0,0,
5.0,,0,0,
6.0,,0,0,
6.0,,0,0,
17.0,,0,0,
4.521,,1,0,
4.521,,1,0,
1000.0,,0,0,
89.0,,0,0,
0.431,,1,0,
877.0,,0,0,
4.333,,1,0,
31471.0,,0,0,
29695.0,,0,0,
477.0,,0,0,
287.0,,0,0,
1553.0,,0,0,
2317.0,,0,0,
477.0,,0,0,
287.0,,0,0,
1553.0,,0,0,
2317.0,,0,0,
7.362,,1,0,
7.803,,1,0,
659.0,,0,0,
715.0,,0,0,
87.0,,0,0,
657.0,,0,0,
715.0,,0,0,
87.0,,0,0,
90.0,,0,0,
44.0,,0,0,
7.0,,0,0,
20.0,,0,0,
24.0,,0,0,
9.0,,0,0,
63.0,,0,0,
45.0,,0,0,
8.0,,0,0,
173.0,,0,0,
113.0,,0,0,
24.0,,0,0,
90.0,,0,0,
44.0,,0,0,
7.0,,0,0,
20.0,,0,0,
24.0,,0,0,
9.0,,0,0,
63.0,,0,0,
45.0,,0,0,
8.0,,0,0,
173.0,,0,0,
113.0,,0,0,
24.0,,0,0,
26.252,,1,0,
15.804,,1,0,
27.586,,1,0,
26.332,,1,0,
15.804,,1,0,
27.586,,1,0,
4300.0,,0,0,
3900.0,,0,0,
60.0,,0,0,
6.0,,0,0,
79.0,,0,0,
8.0,,0,0,
46.0,,0,0,
2.0,,0,0,
185.0,,0,0,
16.0,,0,0,
4.302,,1,0,
0.41,,1,0,
7.0,0.0,0,0,
805.0,,0,0,
13.416,,1,0,
19.0,,0,0,
23.0,,0,0,
3.0,,0,0,
1.0,,0,0,
2.0,,0,0,
9.0,,0,0,
24.0,,0,0,
13.0,,0,0,
19.0,,0,0,
23.0,,0,0,
3.0,,0,0,
1.0,,0,0,
2.0,,0,0,
9.0,,0,0,
24.0,,0,0,
13.0,,0,0,
30.769,,1,0,
7.407,,1,0,
30.769,,1,0,
5058.0,,0,0,
315.0,,0,0,
5047.0,,0,0,
275.0,,0,0,
0.297,,1,0,
12.063,,1,0,
0.297,,1,0,
13.818,,1,0,
883.0,,0,0,
1526.0,,0,0,
78.0,,0,0,
186.0,,0,0,
70.0,,0,0,
136.0,,0,0,
76.0,,0,0,
247.0,,0,0,
224.0,,0,0,
569.0,,0,0,
25.368,,1,0,
37.287,,1,0,
1062.0,,0,0,
1.0,,0,0,
0.0,,0,0,
5.0,,0,0,
6.0,,0,0,
1.0,,0,0,
0.0,,0,0,
5.0,,0,0,
6.0,,0,0,
0.565,,1,0,
4.0,,0,0,
1.0,,0,0,
4.0,,0,0,
9.0,,0,0,
4.0,,0,0,
1.0,,0,0,
4.0,,0,0,
9.0,,0,0,
0.975,,1,0,
0.992,,1,0,
167.0,,0,0,
0.0,,0,0,
0.0,,0,0,
0.0,,0,0,
0.0,,0,0,
1.0,,0,0,
0.0,,0,0,
3.0,,0,0,
0.0,,0,0,
18.0,,0,0,
0.0,,0,0,
22.0,,0,0,
0.0,,0,0,
0.0,,1,0,
0.0,,1,0,
2012.0,,0,0,
4.0,,0,0,
28.0,,0,0,
13.0,,0,0,
4.0,,0,0,
3.0,,0,0,
74.0,,0,0,
2.0,,0,0,
15.0,,0,0,
106.0,,0,0,
2.0,,0,0,
31.0,,0,0,
5.268,,1,0,
50.0,,1,0,
6.935,,1,0,
38.0,,0,0,
32000.0,,0,0,
1091.0,,0,0,
961.0,,0,0,
1261.0,,0,0,
3313.0,,0,0,
238.0,,0,0,
452.0,,0,0,
135.0,,0,0,
447.0,,0,0,
993.0,,0,0,
3904.0,,0,0,
3.0,,0,0,
13.0,,0,0,
3.0,,0,0,
5.0,,0,0,
2.0,,0,0,
33.0,,0,0,
8.0,,0,0,
51.0,,0,0,
3.0,,0,0,
13.0,,0,0,
50.0,,0,0,
179.0,,0,0,
3.0,,0,0,
5.0,,0,0,
84.0,,0,0,
104.0,,0,0,
2.0,,0,0,
33.0,,0,0,
87.0,,0,0,
319.0,,0,0,
1.0,,0,0,
8.0,,0,0,
51.0,,0,0,
221.0,,0,0,
602.0,,0,0,
5.0,,0,0,
3.0,,0,0,
3.0,,0,0,
11.0,,0,0,
137.0,,0,0,
2.0,,0,0,
20.0,,0,0,
66.0,,0,0,
1702.0,,0,0,
1000.0,,0,0,
77.0,,0,0,
0.0,,0,0,
0.0,,0,0,
1.0,,0,0,
2.0,,0,0,
0.0,,0,0,
0.0,,0,0,
1.0,,0,0,
0.0,,0,0,
1147.0,,0,0,
9.0,,0,0,
9.0,,0,0,
24.0,,0,0,
42.0,,0,0,
9.0,,0,0,
9.0,,0,0,
24.0,,0,0,
42.0,,0,0,
1.0,,0,0,
1.0,,0,0,
2.0,,0,0,
1.0,,0,0,
1.0,,0,0,
2.0,,0,0,
1.0,,0,0,
3.662,,1,0,
10.353,,1,0,
12.5,,1,0,
3.361,,1,0,
11.283,,1,0,
12.5,,1,0,
5.926,,1,0,
11.409,,1,0,
22.256,,1,0,
15.42,,1,0,
13.253,,1,0,
5.0,,0,0,
22.727,,1,0,
2.644,,1,0,
0.2,,1,0,
0.0,,1,0,
42969.0,,0,0,
1108.0,,0,0,
1062.0,,0,0,
0.554,,1,0,
3.791,,1,0,
0.565,,1,0,
1040.0,,0,0,
2637.0,,0,0,
38487.0,,0,0,
1040.0,,0,0,
2637.0,,0,0,
38487.0,,0,0,
56.0,,0,0,
71.0,,0,0,
297.0,,0,0,
1.0,,0,0,
11.0,,0,0,
52.0,,0,0,
87.0,,0,0,
87.0,,0,0,
85.0,,0,0,
695.0,,0,0,
154.0,,0,0,
1079.0,,0,0,
56.0,,0,0,
71.0,,0,0,
297.0,,0,0,
1.0,,0,0,
11.0,,0,0,
52.0,,0,0,
87.0,,0,0,
87.0,,0,0,
85.0,,0,0,
695.0,,0,0,
154.0,,0,0,
1079.0,,0,0,
14.808,,1,0,
2.804,,1,0,
14.808,,1,0,
2.804,,1,0,
0.145,,1,0,
0.145,,1,0,
1362.0,,0,0,
2026.0,,0,0,
52.0,,0,0,
1.468,,1,0,
0.79,,1,0,
42.308,,1,0,
